dataset,encoder,setting,components,no_video_mode,rep_NDCG,paper_NDCG,gap_NDCG,rep_R1,paper_R1,gap_R1,rep_R5,paper_R5,gap_R5,rep_R10,paper_R10,gap_R10,rep_MRR,paper_MRR,gap_MRR,rep_MAP,paper_MAP,gap_MAP
MSR-VTT-1kA,multiclip,baseline,video,False,59.715867042541504,59.72,-0.0,43.51758658885956,43.52,-0.0,69.04522776603699,69.05,-0.0,76.88442468643188,76.88,0.0,0.5427083969116211,0.54,0.0,54.27083969116211,54.27,0.0
MSR-VTT-1kA,multiclip,Q2E,video+query+prequel+during+sequel,False,61.50633692741394,61.51,-0.0,44.522613286972046,44.52,0.0,71.25627994537354,71.26,-0.0,79.39698696136475,79.4,-0.0,0.558363676071167,0.56,-0.0,55.8363676071167,55.84,-0.0
MSR-VTT-1kA,multiclip,Q2E+ASR,video+query+prequel+during+sequel,False,63.61389756202698,63.59,0.02,46.33165895938873,46.23,0.1,73.3668327331543,73.37,-0.0,81.70854449272156,81.71,-0.0,0.5786568522453308,0.58,-0.0,57.86568522453308,57.83,0.04
MSR-VTT-1kA,internvideo2,baseline,video,False,65.99696278572083,66.07,-0.07,52.56281495094299,52.56,0.0,73.06532859802246,73.07,-0.0,79.89949584007263,80.1,-0.2,0.6158527135848999,0.62,-0.0,61.58527135848999,61.62,-0.03
MSR-VTT-1kA,internvideo2,Q2E,video+query+prequel+during+sequel,False,67.1078085899353,67.16,-0.05,53.36683392524719,53.47,-0.1,73.56783747673035,73.57,-0.0,82.11055397987366,82.11,0.0,0.6240149140357971,0.62,0.0,62.40149140357971,62.47,-0.07
MSR-VTT-1kA,internvideo2,Q2E+ASR,video+query+prequel+during+sequel,False,69.48562860488892,69.53,-0.04,56.28140568733215,56.28,0.0,76.38190984725952,76.58,-0.2,83.61809253692627,83.72,-0.1,0.6503497958183289,0.65,0.0,65.03497958183289,65.06,-0.03
MultiVENT,multiclip,baseline,video,False,76.53,75.34,,12.67,9.83,,,44.32,,73.63,70.82,,,0.92,,,86.33,
MultiVENT,multiclip,Q2E,video+query+prequel+during+sequel,False,80.94,80.04,,12.99,10.24,,,46.71,,78.14,75.76,,,0.95,,,89.42,
MultiVENT,multiclip,Q2E+ASR,video+query+prequel+during+sequel,False,84.7,83.24,,13.39,10.32,,,49.0,,82.26,79.6,,,0.95,,,91.2,
MultiVENT,internvideo2,baseline,,True,,50.43,,,5.6,,,28.92,,,49.12,,,0.68,,,63.77,
MultiVENT,internvideo2,Q2E,query+prequel+during+sequel,True,,69.15,,,9.54,,,40.88,,,63.4,,,0.92,,,83.96,
MultiVENT,internvideo2,Q2E+ASR,query+prequel+during+sequel,True,,76.1,,,10.24,,,44.94,,,70.79,,,0.95,,,88.09,
